<?xml version="1.0" encoding="UTF-8"?><font><info face="Ari-W9500Display" size="72" bold="0" italic="0" charset="" unicode="1" stretchH="100" smooth="1" aa="1" padding="1,1,1,1" spacing="1,1" outline="0"/><common lineHeight="72" base="72" scaleW="594" scaleH="593" pages="1" packed="0" alphaChnl="0" redChnl="4" greenChnl="4" blueChnl="4"/><pages><page id="0" file="lol.png"/></pages><chars count="105"><!--   --><char id="32" x="0" y="0" width="0" height="0" xoffset="0" yoffset="0" xadvance="20" page="0" chnl="15"/><!-- ! --><char id="33" x="524" y="369" width="18" height="65" xoffset="5" yoffset="19" xadvance="20" page="0" chnl="15"/><!-- " --><char id="34" x="121" y="554" width="38" height="32" xoffset="5" yoffset="19" xadvance="40" page="0" chnl="15"/><!-- # --><char id="35" x="136" y="435" width="57" height="65" xoffset="5" yoffset="19" xadvance="59" page="0" chnl="15"/><!-- $ --><char id="36" x="0" y="0" width="51" height="91" xoffset="5" yoffset="6" xadvance="53" page="0" chnl="15"/><!-- % --><char id="37" x="0" y="435" width="77" height="65" xoffset="5" yoffset="19" xadvance="79" page="0" chnl="15"/><!-- & --><char id="38" x="194" y="435" width="57" height="65" xoffset="5" yoffset="19" xadvance="59" page="0" chnl="15"/><!-- ' --><char id="39" x="45" y="554" width="18" height="33" xoffset="5" yoffset="19" xadvance="20" page="0" chnl="15"/><!-- ( --><char id="40" x="401" y="0" width="31" height="78" xoffset="5" yoffset="19" xadvance="33" page="0" chnl="15"/><!-- ) --><char id="41" x="433" y="0" width="31" height="78" xoffset="5" yoffset="19" xadvance="33" page="0" chnl="15"/><!-- * --><char id="42" x="64" y="554" width="31" height="32" xoffset="5" yoffset="19" xadvance="33" page="0" chnl="15"/><!-- + --><char id="43" x="492" y="501" width="44" height="45" xoffset="5" yoffset="32" xadvance="46" page="0" chnl="15"/><!-- , --><char id="44" x="96" y="554" width="24" height="32" xoffset="-1" yoffset="65" xadvance="20" page="0" chnl="15"/><!-- - --><char id="45" x="211" y="554" width="38" height="19" xoffset="5" yoffset="45" xadvance="40" page="0" chnl="15"/><!-- . --><char id="46" x="250" y="554" width="18" height="19" xoffset="5" yoffset="65" xadvance="20" page="0" chnl="15"/><!-- / --><char id="47" x="78" y="435" width="38" height="65" xoffset="5" yoffset="19" xadvance="40" page="0" chnl="15"/><!-- 0 --><char id="48" x="401" y="92" width="51" height="65" xoffset="5" yoffset="19" xadvance="53" page="0" chnl="15"/><!-- 1 --><char id="49" x="453" y="92" width="31" height="65" xoffset="12" yoffset="19" xadvance="53" page="0" chnl="15"/><!-- 2 --><char id="50" x="485" y="92" width="51" height="65" xoffset="5" yoffset="19" xadvance="53" page="0" chnl="15"/><!-- 3 --><char id="51" x="0" y="171" width="51" height="65" xoffset="5" yoffset="19" xadvance="53" page="0" chnl="15"/><!-- 4 --><char id="52" x="52" y="171" width="51" height="65" xoffset="5" yoffset="19" xadvance="53" page="0" chnl="15"/><!-- 5 --><char id="53" x="104" y="171" width="51" height="65" xoffset="5" yoffset="19" xadvance="53" page="0" chnl="15"/><!-- 6 --><char id="54" x="156" y="171" width="51" height="65" xoffset="5" yoffset="19" xadvance="53" page="0" chnl="15"/><!-- 7 --><char id="55" x="208" y="171" width="51" height="65" xoffset="5" yoffset="19" xadvance="53" page="0" chnl="15"/><!-- 8 --><char id="56" x="260" y="171" width="51" height="65" xoffset="5" yoffset="19" xadvance="53" page="0" chnl="15"/><!-- 9 --><char id="57" x="312" y="171" width="51" height="65" xoffset="5" yoffset="19" xadvance="53" page="0" chnl="15"/><!-- : --><char id="58" x="473" y="501" width="18" height="52" xoffset="5" yoffset="32" xadvance="20" page="0" chnl="15"/><!-- ; --><char id="59" x="570" y="303" width="24" height="65" xoffset="-1" yoffset="32" xadvance="20" page="0" chnl="15"/><!-- = --><char id="61" x="537" y="501" width="44" height="45" xoffset="5" yoffset="32" xadvance="46" page="0" chnl="15"/><!-- ? --><char id="63" x="543" y="369" width="51" height="65" xoffset="5" yoffset="19" xadvance="53" page="0" chnl="15"/><!-- @ --><char id="64" x="465" y="0" width="77" height="78" xoffset="5" yoffset="19" xadvance="79" page="0" chnl="15"/><!-- A --><char id="65" x="537" y="92" width="57" height="65" xoffset="5" yoffset="19" xadvance="59" page="0" chnl="15"/><!-- B --><char id="66" x="299" y="237" width="51" height="65" xoffset="5" yoffset="19" xadvance="53" page="0" chnl="15"/><!-- C --><char id="67" x="351" y="237" width="57" height="65" xoffset="5" yoffset="19" xadvance="59" page="0" chnl="15"/><!-- D --><char id="68" x="409" y="237" width="57" height="65" xoffset="5" yoffset="19" xadvance="59" page="0" chnl="15"/><!-- E --><char id="69" x="467" y="237" width="51" height="65" xoffset="5" yoffset="19" xadvance="53" page="0" chnl="15"/><!-- F --><char id="70" x="519" y="237" width="51" height="65" xoffset="5" yoffset="19" xadvance="53" page="0" chnl="15"/><!-- G --><char id="71" x="0" y="303" width="57" height="65" xoffset="5" yoffset="19" xadvance="59" page="0" chnl="15"/><!-- H --><char id="72" x="58" y="303" width="51" height="65" xoffset="5" yoffset="19" xadvance="53" page="0" chnl="15"/><!-- I --><char id="73" x="571" y="237" width="18" height="65" xoffset="5" yoffset="19" xadvance="20" page="0" chnl="15"/><!-- J --><char id="74" x="110" y="303" width="44" height="65" xoffset="5" yoffset="19" xadvance="46" page="0" chnl="15"/><!-- K --><char id="75" x="155" y="303" width="57" height="65" xoffset="5" yoffset="19" xadvance="59" page="0" chnl="15"/><!-- L --><char id="76" x="213" y="303" width="51" height="65" xoffset="5" yoffset="19" xadvance="53" page="0" chnl="15"/><!-- M --><char id="77" x="265" y="303" width="64" height="65" xoffset="5" yoffset="19" xadvance="66" page="0" chnl="15"/><!-- N --><char id="78" x="330" y="303" width="57" height="65" xoffset="5" yoffset="19" xadvance="59" page="0" chnl="15"/><!-- O --><char id="79" x="388" y="303" width="64" height="65" xoffset="5" yoffset="19" xadvance="66" page="0" chnl="15"/><!-- P --><char id="80" x="453" y="303" width="51" height="65" xoffset="5" yoffset="19" xadvance="53" page="0" chnl="15"/><!-- Q --><char id="81" x="505" y="303" width="64" height="65" xoffset="5" yoffset="19" xadvance="66" page="0" chnl="15"/><!-- R --><char id="82" x="0" y="369" width="51" height="65" xoffset="5" yoffset="19" xadvance="53" page="0" chnl="15"/><!-- S --><char id="83" x="52" y="369" width="51" height="65" xoffset="5" yoffset="19" xadvance="53" page="0" chnl="15"/><!-- T --><char id="84" x="104" y="369" width="57" height="65" xoffset="5" yoffset="19" xadvance="59" page="0" chnl="15"/><!-- U --><char id="85" x="162" y="369" width="51" height="65" xoffset="5" yoffset="19" xadvance="53" page="0" chnl="15"/><!-- V --><char id="86" x="214" y="369" width="57" height="65" xoffset="5" yoffset="19" xadvance="59" page="0" chnl="15"/><!-- W --><char id="87" x="272" y="369" width="77" height="65" xoffset="5" yoffset="19" xadvance="79" page="0" chnl="15"/><!-- X --><char id="88" x="350" y="369" width="57" height="65" xoffset="5" yoffset="19" xadvance="59" page="0" chnl="15"/><!-- Y --><char id="89" x="408" y="369" width="57" height="65" xoffset="5" yoffset="19" xadvance="59" page="0" chnl="15"/><!-- Z --><char id="90" x="466" y="369" width="57" height="65" xoffset="5" yoffset="19" xadvance="59" page="0" chnl="15"/><!-- [ --><char id="91" x="78" y="92" width="31" height="78" xoffset="5" yoffset="19" xadvance="33" page="0" chnl="15"/><!-- ] --><char id="93" x="110" y="92" width="31" height="78" xoffset="5" yoffset="19" xadvance="33" page="0" chnl="15"/><!-- ^ --><char id="94" x="0" y="554" width="44" height="39" xoffset="5" yoffset="19" xadvance="46" page="0" chnl="15"/><!-- _ --><char id="95" x="160" y="554" width="50" height="19" xoffset="-1" yoffset="78" xadvance="46" page="0" chnl="15"/><!-- a --><char id="97" x="379" y="435" width="51" height="52" xoffset="5" yoffset="32" xadvance="53" page="0" chnl="15"/><!-- b --><char id="98" x="364" y="171" width="51" height="65" xoffset="5" yoffset="19" xadvance="53" page="0" chnl="15"/><!-- c --><char id="99" x="431" y="435" width="51" height="52" xoffset="5" yoffset="32" xadvance="53" page="0" chnl="15"/><!-- d --><char id="100" x="416" y="171" width="51" height="65" xoffset="5" yoffset="19" xadvance="53" page="0" chnl="15"/><!-- e --><char id="101" x="483" y="435" width="51" height="52" xoffset="5" yoffset="32" xadvance="53" page="0" chnl="15"/><!-- f --><char id="102" x="468" y="171" width="38" height="65" xoffset="5" yoffset="19" xadvance="40" page="0" chnl="15"/><!-- g --><char id="103" x="507" y="171" width="51" height="65" xoffset="5" yoffset="32" xadvance="53" page="0" chnl="15"/><!-- h --><char id="104" x="0" y="237" width="51" height="65" xoffset="5" yoffset="19" xadvance="53" page="0" chnl="15"/><!-- i --><char id="105" x="330" y="92" width="18" height="71" xoffset="5" yoffset="13" xadvance="20" page="0" chnl="15"/><!-- j --><char id="106" x="369" y="0" width="31" height="84" xoffset="-8" yoffset="13" xadvance="20" page="0" chnl="15"/><!-- k --><char id="107" x="52" y="237" width="51" height="65" xoffset="5" yoffset="19" xadvance="53" page="0" chnl="15"/><!-- l --><char id="108" x="559" y="171" width="18" height="65" xoffset="5" yoffset="19" xadvance="20" page="0" chnl="15"/><!-- m --><char id="109" x="0" y="501" width="70" height="52" xoffset="5" yoffset="32" xadvance="72" page="0" chnl="15"/><!-- n --><char id="110" x="535" y="435" width="51" height="52" xoffset="5" yoffset="32" xadvance="53" page="0" chnl="15"/><!-- o --><char id="111" x="71" y="501" width="51" height="52" xoffset="5" yoffset="32" xadvance="53" page="0" chnl="15"/><!-- p --><char id="112" x="104" y="237" width="51" height="65" xoffset="5" yoffset="32" xadvance="53" page="0" chnl="15"/><!-- q --><char id="113" x="156" y="237" width="51" height="65" xoffset="5" yoffset="32" xadvance="53" page="0" chnl="15"/><!-- r --><char id="114" x="123" y="501" width="38" height="52" xoffset="5" yoffset="32" xadvance="40" page="0" chnl="15"/><!-- s --><char id="115" x="162" y="501" width="44" height="52" xoffset="5" yoffset="32" xadvance="46" page="0" chnl="15"/><!-- t --><char id="116" x="208" y="237" width="38" height="65" xoffset="5" yoffset="19" xadvance="40" page="0" chnl="15"/><!-- u --><char id="117" x="207" y="501" width="51" height="52" xoffset="5" yoffset="32" xadvance="53" page="0" chnl="15"/><!-- v --><char id="118" x="259" y="501" width="51" height="52" xoffset="5" yoffset="32" xadvance="53" page="0" chnl="15"/><!-- w --><char id="119" x="311" y="501" width="57" height="52" xoffset="5" yoffset="32" xadvance="59" page="0" chnl="15"/><!-- x --><char id="120" x="369" y="501" width="51" height="52" xoffset="5" yoffset="32" xadvance="53" page="0" chnl="15"/><!-- y --><char id="121" x="247" y="237" width="51" height="65" xoffset="5" yoffset="32" xadvance="53" page="0" chnl="15"/><!-- z --><char id="122" x="421" y="501" width="51" height="52" xoffset="5" yoffset="32" xadvance="53" page="0" chnl="15"/><!-- { --><char id="123" x="0" y="92" width="38" height="78" xoffset="5" yoffset="19" xadvance="40" page="0" chnl="15"/><!-- | --><char id="124" x="117" y="435" width="18" height="65" xoffset="5" yoffset="19" xadvance="20" page="0" chnl="15"/><!-- } --><char id="125" x="39" y="92" width="38" height="78" xoffset="5" yoffset="19" xadvance="40" page="0" chnl="15"/><!-- ´ --><char id="180" x="269" y="554" width="31" height="19" xoffset="5" yoffset="19" xadvance="33" page="0" chnl="15"/><!-- ¿ --><char id="191" x="252" y="435" width="51" height="65" xoffset="5" yoffset="32" xadvance="53" page="0" chnl="15"/><!-- Á --><char id="193" x="52" y="0" width="57" height="85" xoffset="5" yoffset="-1" xadvance="59" page="0" chnl="15"/><!-- É --><char id="201" x="110" y="0" width="51" height="85" xoffset="5" yoffset="-1" xadvance="53" page="0" chnl="15"/><!-- Í --><char id="205" x="162" y="0" width="31" height="85" xoffset="-1" yoffset="-1" xadvance="20" page="0" chnl="15"/><!-- Ñ --><char id="209" x="311" y="0" width="57" height="85" xoffset="5" yoffset="-1" xadvance="59" page="0" chnl="15"/><!-- Ó --><char id="211" x="194" y="0" width="64" height="85" xoffset="5" yoffset="-1" xadvance="66" page="0" chnl="15"/><!-- Ú --><char id="218" x="259" y="0" width="51" height="85" xoffset="5" yoffset="-1" xadvance="53" page="0" chnl="15"/><!-- á --><char id="225" x="543" y="0" width="51" height="78" xoffset="5" yoffset="6" xadvance="53" page="0" chnl="15"/><!-- é --><char id="233" x="142" y="92" width="51" height="78" xoffset="5" yoffset="6" xadvance="53" page="0" chnl="15"/><!-- í --><char id="237" x="194" y="92" width="31" height="78" xoffset="-1" yoffset="6" xadvance="20" page="0" chnl="15"/><!-- ñ --><char id="241" x="349" y="92" width="51" height="71" xoffset="5" yoffset="13" xadvance="53" page="0" chnl="15"/><!-- ó --><char id="243" x="226" y="92" width="51" height="78" xoffset="5" yoffset="6" xadvance="53" page="0" chnl="15"/><!-- ú --><char id="250" x="278" y="92" width="51" height="78" xoffset="5" yoffset="6" xadvance="53" page="0" chnl="15"/><!-- № --><char id="8470" x="304" y="435" width="74" height="58" xoffset="4" yoffset="3" xadvance="78" page="0" chnl="15"/></chars></font>